Article ID,Article URL,Published title,Location,Topic,Draft headline,Draft post text,Source URL,Assigned profile,Chosen group URL,Rules checked,Draft status,Posted URL,Notes
CR-001,https://calireporter.com/article/los-angeles-myla311-city-service-guide,A Los Angeles resident’s starting point for city service requests,Los Angeles,City services; MyLA311,Where should an LA neighborhood problem actually be reported?,"Where should an LA neighborhood problem actually be reported?

Our CaliReporter guide explains the MyLA311 starting point for city service requests. What part of reporting a neighborhood problem is hardest to navigate?

https://calireporter.com/article/los-angeles-myla311-city-service-guide",https://lacity.gov/myla311,,,No,Draft,,Starter copy; review current article before use.
CR-002,https://calireporter.com/article/san-diego-get-it-done-neighborhood-reports,San Diego’s Get It Done portal puts neighborhood reports in one place,San Diego,City services; Get It Done,"Pothole, graffiti or missed pickup: where does your report go?","Pothole, graffiti or missed pickup: where does your report go?

CaliReporter put together a guide to San Diego’s Get It Done service. Which type of routine neighborhood issue is hardest to report clearly?

https://calireporter.com/article/san-diego-get-it-done-neighborhood-reports",https://www.sandiego.gov/get-it-done,,,No,Draft,,Starter copy; review current article before use.
CR-003,https://calireporter.com/article/san-jose-311-report-track-city-services,San Jose 311 lets residents report a problem and follow the request,San Jose,City services; San Jose 311,Do you know how to track a San Jose service request?,"Do you know how to track a San Jose service request?

Our CaliReporter guide covers reporting and tracking routine issues through San Jose 311. What would make the reporting process easier to understand?

https://calireporter.com/article/san-jose-311-report-track-city-services",https://www.sanjoseca.gov/your-government/departments-offices/customer-service/san-jos-311,,,No,Draft,,Starter copy; review current article before use.
CR-004,https://calireporter.com/article/san-francisco-311-city-information-guide,Not sure which San Francisco office to call? Start with 311,San Francisco,City information; 311,Not sure which San Francisco department handles your question?,"Not sure which San Francisco department handles your question?

CaliReporter explains how 311 can help residents find the right city service. Which city process would you like to see explained next?

https://calireporter.com/article/san-francisco-311-city-information-guide",https://www.sf.gov/get-information-311,,,No,Draft,,Starter copy; review current article before use.
CR-005,https://calireporter.com/article/fresno-fresgo-311-neighborhood-service-guide,Fresno’s FresGO and 311 connect residents with neighborhood services,Fresno,City services; FresGO,"Do you use FresGO, call 311, or start somewhere else?","Do you use FresGO, call 311, or start somewhere else?

Our CaliReporter guide outlines Fresno’s options for reporting routine neighborhood concerns. Which reporting channel do you find easiest to use?

https://calireporter.com/article/fresno-fresgo-311-neighborhood-service-guide",https://www.fresno.gov/3-1-1/,,,No,Draft,,Starter copy; review current article before use.
CR-006,https://calireporter.com/article/added-sugars-total-sugars-nutrition-label-guide,Total sugars and added sugars: how to read the two lines on a food label,California / statewide,Nutrition literacy; food labels,Are you adding the two sugar numbers on a food label together?,"Are you adding the two sugar numbers on a food label together?

CaliReporter’s FDA-sourced explainer covers total sugars versus added sugars. Which part of a Nutrition Facts label would you like explained next?

https://calireporter.com/article/added-sugars-total-sugars-nutrition-label-guide",https://www.fda.gov/food/nutrition-facts-label/added-sugars-nutrition-facts-label,,,No,Draft,,Starter copy; review current article before use.
CR-007,https://calireporter.com/article/healthy-relationship-communication-boundaries-nih,Clear requests and respectful boundaries belong in everyday relationships,California / statewide,Communication; boundaries,What makes a difficult conversation more respectful?,"What makes a difficult conversation more respectful?

Our CaliReporter guide looks at NIH advice on clear requests, listening and boundaries. What communication habit do you find most helpful?

https://calireporter.com/article/healthy-relationship-communication-boundaries-nih",https://www.nih.gov/health-information/your-healthiest-self-wellness-toolkits/social-wellness-toolkit,,,No,Draft,,Starter copy; review current article before use.
